{"nodes":{"2E025DBF-0C15-444E-B7B8-A6F265A303F7":{"uuid":"2E025DBF-0C15-444E-B7B8-A6F265A303F7","nodeType":"Standard","color":"870FC985-0C7C-4EB1-87F7-C10027A8983C","roughness":"B75EB152-60CF-4274-8674-C4220C3E34A9","metalness":"8C8293C6-9DA8-456B-89AB-803E3479DFBF","ambient":"BF3FBBDC-F57A-4116-B8DC-625F8821C075"},"870FC985-0C7C-4EB1-87F7-C10027A8983C":{"uuid":"870FC985-0C7C-4EB1-87F7-C10027A8983C","nodeType":"Math3","a":"085DEB3A-FD4B-48A4-BA95-7762AA286854","b":"70B5B1FE-9D8D-4E5C-89A1-7F164F2E6DDD","c":"347D0A31-9222-4D15-8B36-1485AD47289E","method":"mix"},"085DEB3A-FD4B-48A4-BA95-7762AA286854":{"uuid":"085DEB3A-FD4B-48A4-BA95-7762AA286854","nodeType":"Color","r":1,"g":1,"b":1},"70B5B1FE-9D8D-4E5C-89A1-7F164F2E6DDD":{"uuid":"70B5B1FE-9D8D-4E5C-89A1-7F164F2E6DDD","nodeType":"Math3","a":"6F0CE905-5A0B-4CBD-AC6B-519C392B45FC","b":"B45D1B51-7344-4713-BC65-B048397A0194","c":"FADA01E1-DBD7-4DC2-9BA1-8276F4DF1ACD","method":"mix"},"6F0CE905-5A0B-4CBD-AC6B-519C392B45FC":{"uuid":"6F0CE905-5A0B-4CBD-AC6B-519C392B45FC","nodeType":"Color","r":0,"g":0.32941176470588235,"b":0.8745098039215686},"B45D1B51-7344-4713-BC65-B048397A0194":{"uuid":"B45D1B51-7344-4713-BC65-B048397A0194","nodeType":"Color","r":1,"g":1,"b":1},"FADA01E1-DBD7-4DC2-9BA1-8276F4DF1ACD":{"uuid":"FADA01E1-DBD7-4DC2-9BA1-8276F4DF1ACD","nodeType":"Math1","a":"13EA9413-2C8B-4B1C-92EE-0A334971AB77","method":"saturate"},"13EA9413-2C8B-4B1C-92EE-0A334971AB77":{"uuid":"13EA9413-2C8B-4B1C-92EE-0A334971AB77","nodeType":"Operator","a":"C5F7404C-B0FD-46DE-95F1-8361904A10B1","b":"72654FD1-36AD-4337-8BA0-B3D867EFB091","op":"*"},"C5F7404C-B0FD-46DE-95F1-8361904A10B1":{"uuid":"C5F7404C-B0FD-46DE-95F1-8361904A10B1","nodeType":"FunctionCall","value":"189E9DE8-6D4A-4763-AC9A-EA4A2608DCF3","inputs":{"p":"9A81F84F-DE02-473E-B5F6-8212D072753F","time":"BE94EED7-4A76-4350-B23E-25E52241C901"}},"189E9DE8-6D4A-4763-AC9A-EA4A2608DCF3":{"uuid":"189E9DE8-6D4A-4763-AC9A-EA4A2608DCF3","nodeType":"Function","name":"voronoiLayers","src":"float voronoiLayers(vec2 p, in float time) {\n\tfloat v = 0.0;\n\tfloat a = 0.4;\n\tfor (int i = 0; i < 3; i++) {\n\t\tv += voronoi(p, time) * a;\n\t\tp *= 2.0;\n\t\ta *= 0.5;\n\t}\n\treturn v;\n}","isMethod":true,"useKeywords":true,"extensions":{},"keywords":{},"includes":["36912270-771A-4D33-BB5E-373EC2E4B72E"]},"36912270-771A-4D33-BB5E-373EC2E4B72E":{"uuid":"36912270-771A-4D33-BB5E-373EC2E4B72E","nodeType":"Function","name":"voronoi","src":"float voronoi(vec2 p, in float time) {\n\tvec2 n = floor(p);\n\tvec2 f = fract(p);\n\tfloat md = 5.0;\n\tvec2 m = vec2(0.0);\n\tfor (int i = -1; i <= 1; i++) {\n\t\tfor (int j = -1; j <= 1; j++) {\n\t\t\tvec2 g = vec2(i, j);\n\t\t\tvec2 o = hash2(n + g);\n\t\t\to = 0.5 + 0.5 * sin(time + 5.038 * o);\n\t\t\tvec2 r = g + o - f;\n\t\t\tfloat d = dot(r, r);\n\t\t\tif (d < md) {\n\t\t\t\tmd = d;\n\t\t\t\tm = n+g+o;\n\t\t\t}\n\t\t}\n\t}\n\treturn md;\n}","isMethod":true,"useKeywords":true,"extensions":{},"keywords":{},"includes":["DEEA59B5-DB78-4936-92C2-0EEBA9E335FD"]},"DEEA59B5-DB78-4936-92C2-0EEBA9E335FD":{"uuid":"DEEA59B5-DB78-4936-92C2-0EEBA9E335FD","nodeType":"Function","name":"hash2","src":"vec2 hash2(vec2 p) {\n\treturn fract(sin(vec2(dot(p, vec2(123.4, 748.6)), dot(p, vec2(547.3, 659.3))))*5232.85324);\n}","isMethod":true,"useKeywords":true,"extensions":{},"keywords":{}},"9A81F84F-DE02-473E-B5F6-8212D072753F":{"uuid":"9A81F84F-DE02-473E-B5F6-8212D072753F","nodeType":"Operator","a":"EAEC9892-ABE1-456C-BD3C-9AB888B3ED0B","b":"1FCD9B13-EABD-47A7-8082-E6F6AA15EC7E","op":"*"},"EAEC9892-ABE1-456C-BD3C-9AB888B3ED0B":{"uuid":"EAEC9892-ABE1-456C-BD3C-9AB888B3ED0B","nodeType":"Switch","node":"DDBEB2EC-65A8-40DF-BB1F-F6EBC4E73107","components":"xz"},"DDBEB2EC-65A8-40DF-BB1F-F6EBC4E73107":{"uuid":"DDBEB2EC-65A8-40DF-BB1F-F6EBC4E73107","nodeType":"Position","scope":"world"},"1FCD9B13-EABD-47A7-8082-E6F6AA15EC7E":{"uuid":"1FCD9B13-EABD-47A7-8082-E6F6AA15EC7E","nodeType":"Float","value":0.1},"BE94EED7-4A76-4350-B23E-25E52241C901":{"uuid":"BE94EED7-4A76-4350-B23E-25E52241C901","nodeType":"Operator","a":"0F6183F0-9601-4208-BFC1-C4D39A524F74","b":"3A74C273-243B-4C6F-AC6F-FD20D6D5DABB","op":"*"},"0F6183F0-9601-4208-BFC1-C4D39A524F74":{"uuid":"0F6183F0-9601-4208-BFC1-C4D39A524F74","nodeType":"Timer","name":"time","scope":"global","scale":1,"useTimeScale":false},"3A74C273-243B-4C6F-AC6F-FD20D6D5DABB":{"uuid":"3A74C273-243B-4C6F-AC6F-FD20D6D5DABB","nodeType":"Float","name":"speed","value":2},"72654FD1-36AD-4337-8BA0-B3D867EFB091":{"uuid":"72654FD1-36AD-4337-8BA0-B3D867EFB091","nodeType":"Float","value":1.5},"347D0A31-9222-4D15-8B36-1485AD47289E":{"uuid":"347D0A31-9222-4D15-8B36-1485AD47289E","nodeType":"Operator","a":"14A35D0F-7E5A-4415-9C8A-73111B070390","b":"13325E4A-A4EE-4D3F-86DF-0EB77BB56DB3","op":"*"},"14A35D0F-7E5A-4415-9C8A-73111B070390":{"uuid":"14A35D0F-7E5A-4415-9C8A-73111B070390","nodeType":"Float","value":1},"13325E4A-A4EE-4D3F-86DF-0EB77BB56DB3":{"uuid":"13325E4A-A4EE-4D3F-86DF-0EB77BB56DB3","nodeType":"Math1","a":"9B0DF80C-F8CE-4122-B63F-E370CFDA47D4","method":"saturate"},"9B0DF80C-F8CE-4122-B63F-E370CFDA47D4":{"uuid":"9B0DF80C-F8CE-4122-B63F-E370CFDA47D4","nodeType":"Switch","node":"481D32AF-83D9-4AE2-954C-6C887FD4B964","components":"y"},"481D32AF-83D9-4AE2-954C-6C887FD4B964":{"uuid":"481D32AF-83D9-4AE2-954C-6C887FD4B964","nodeType":"Normal","scope":"world"},"B75EB152-60CF-4274-8674-C4220C3E34A9":{"uuid":"B75EB152-60CF-4274-8674-C4220C3E34A9","nodeType":"Float","value":0.5},"8C8293C6-9DA8-456B-89AB-803E3479DFBF":{"uuid":"8C8293C6-9DA8-456B-89AB-803E3479DFBF","nodeType":"Float","value":0.5},"BF3FBBDC-F57A-4116-B8DC-625F8821C075":{"uuid":"BF3FBBDC-F57A-4116-B8DC-625F8821C075","nodeType":"Operator","a":"13EA9413-2C8B-4B1C-92EE-0A334971AB77","b":"347D0A31-9222-4D15-8B36-1485AD47289E","op":"*"}},"materials":{"03756E07-B6B1-436D-A28B-1EB9043B2CD2":{"uuid":"03756E07-B6B1-436D-A28B-1EB9043B2CD2","type":"StandardNodeMaterial","fog":false,"lights":true,"vertex":"2E025DBF-0C15-444E-B7B8-A6F265A303F7","fragment":"2E025DBF-0C15-444E-B7B8-A6F265A303F7"}},"material":"03756E07-B6B1-436D-A28B-1EB9043B2CD2"}